quiet,active,jailed,,,,,"{
	""initialCopDensity"":0.04,
	""initialAgentDensity"":0.70,
	""vision"":7,
	""govermentLegitimacy"":0.82,
	""maxJailTerm"":30,
	""movement"":true,
	""extention1"":true,
	""tickTime"":1000
}",,,
1032,49,39,,,,,,,,
844,187,89,,,,,,,,
675,297,148,,,,,,,,
673,244,203,,,,,,,,
696,166,258,,,,,,,,
719,94,307,,,,,,,,
754,39,327,,,,,,,,
775,11,334,,,,,,,,
791,0,329,,,,,,,,
799,1,320,,,,,,,,
810,1,309,,,,,,,,
825,1,294,,,,,,,,
838,2,280,,,,,,,,
853,1,266,,,,,,,,
868,0,252,,,,,,,,
883,0,237,,,,,,,,
893,0,227,,,,,,,,
904,0,216,,,,,,,,
913,2,205,,,,,,,,
926,1,193,,,,,,,,
929,9,182,,,,,,,,
931,9,180,,,,,,,,
938,6,176,,,,,,,,
946,4,170,,,,,,,,
966,1,153,,,,,,,,
921,36,163,,,,,,,,
855,76,189,,,,,,,,
776,124,220,,,,,,,,
747,113,260,,,,,,,,
751,67,302,,,,,,,,
784,23,313,,,,,,,,
816,4,300,,,,,,,,
835,4,281,,,,,,,,
852,3,265,,,,,,,,
873,0,247,,,,,,,,
882,2,236,,,,,,,,
898,1,221,,,,,,,,
899,5,216,,,,,,,,
874,27,219,,,,,,,,
867,28,225,,,,,,,,
863,30,227,,,,,,,,
876,12,232,,,,,,,,
885,2,233,,,,,,,,
903,0,217,,,,,,,,
921,0,199,,,,,,,,
931,0,189,,,,,,,,
941,0,179,,,,,,,,
954,0,166,,,,,,,,
960,2,158,,,,,,,,
964,4,152,,,,,,,,
979,2,139,,,,,,,,
986,4,130,,,,,,,,
958,22,140,,,,,,,,
888,77,155,,,,,,,,
806,127,187,,,,,,,,
761,131,228,,,,,,,,
737,108,275,,,,,,,,
764,52,304,,,,,,,,
774,23,323,,,,,,,,
800,3,317,,,,,,,,
819,1,300,,,,,,,,
833,1,286,,,,,,,,
841,0,279,,,,,,,,
853,0,267,,,,,,,,
867,0,253,,,,,,,,
878,0,242,,,,,,,,
893,0,227,,,,,,,,
912,0,208,,,,,,,,
909,7,204,,,,,,,,
925,1,194,,,,,,,,
937,0,183,,,,,,,,
947,1,172,,,,,,,,
931,10,179,,,,,,,,
924,18,178,,,,,,,,
881,40,199,,,,,,,,
841,55,224,,,,,,,,
826,48,246,,,,,,,,
806,37,277,,,,,,,,
812,19,289,,,,,,,,
845,4,271,,,,,,,,
867,3,250,,,,,,,,
888,1,231,,,,,,,,
900,1,219,,,,,,,,
911,4,205,,,,,,,,
902,14,204,,,,,,,,
906,7,207,,,,,,,,
917,9,194,,,,,,,,
920,10,190,,,,,,,,
923,5,192,,,,,,,,
935,5,180,,,,,,,,
943,3,174,,,,,,,,
948,2,170,,,,,,,,
934,7,179,,,,,,,,
952,1,167,,,,,,,,
957,1,162,,,,,,,,
943,13,164,,,,,,,,
897,40,183,,,,,,,,
860,54,206,,,,,,,,
835,46,239,,,,,,,,
842,24,254,,,,,,,,
856,10,254,,,,,,,,
882,0,238,,,,,,,,
903,1,216,,,,,,,,
923,1,196,,,,,,,,
938,0,182,,,,,,,,
950,0,170,,,,,,,,
961,0,159,,,,,,,,
960,4,156,,,,,,,,
945,17,158,,,,,,,,
932,21,167,,,,,,,,
920,23,177,,,,,,,,
889,37,194,,,,,,,,
860,39,221,,,,,,,,
827,43,250,,,,,,,,
847,27,246,,,,,,,,
857,14,249,,,,,,,,
858,15,247,,,,,,,,
860,25,235,,,,,,,,
862,23,235,,,,,,,,
873,13,234,,,,,,,,
885,3,232,,,,,,,,
897,0,223,,,,,,,,
903,1,216,,,,,,,,
920,4,196,,,,,,,,
914,6,200,,,,,,,,
917,9,194,,,,,,,,
909,16,195,,,,,,,,
883,24,213,,,,,,,,
870,19,231,,,,,,,,
875,12,233,,,,,,,,
889,4,227,,,,,,,,
897,2,221,,,,,,,,
914,0,206,,,,,,,,
912,7,201,,,,,,,,
909,12,199,,,,,,,,
909,16,195,,,,,,,,
921,11,188,,,,,,,,
908,15,197,,,,,,,,
888,25,207,,,,,,,,
876,29,215,,,,,,,,
849,36,235,,,,,,,,
853,27,240,,,,,,,,
874,10,236,,,,,,,,
886,6,228,,,,,,,,
907,1,212,,,,,,,,
915,0,205,,,,,,,,
922,0,198,,,,,,,,
934,0,186,,,,,,,,
929,8,183,,,,,,,,
894,35,191,,,,,,,,
865,46,209,,,,,,,,
857,39,224,,,,,,,,
890,6,224,,,,,,,,
891,7,222,,,,,,,,
873,28,219,,,,,,,,
836,45,239,,,,,,,,
807,54,259,,,,,,,,
802,34,284,,,,,,,,
825,6,289,,,,,,,,
831,5,284,,,,,,,,
843,0,277,,,,,,,,
854,1,265,,,,,,,,
873,0,247,,,,,,,,
889,0,231,,,,,,,,
894,3,223,,,,,,,,
913,1,206,,,,,,,,
920,2,198,,,,,,,,
921,4,195,,,,,,,,
941,0,179,,,,,,,,
954,0,166,,,,,,,,
961,0,159,,,,,,,,
968,0,152,,,,,,,,
976,2,142,,,,,,,,
935,29,156,,,,,,,,
849,79,192,,,,,,,,
781,102,237,,,,,,,,
747,91,282,,,,,,,,
765,45,310,,,,,,,,
792,17,311,,,,,,,,
804,11,305,,,,,,,,
821,4,295,,,,,,,,
851,2,267,,,,,,,,
867,1,252,,,,,,,,
878,2,240,,,,,,,,
892,0,228,,,,,,,,
906,1,213,,,,,,,,
904,5,211,,,,,,,,
917,5,198,,,,,,,,
918,5,197,,,,,,,,
909,15,196,,,,,,,,
890,29,201,,,,,,,,
881,23,216,,,,,,,,
867,21,232,,,,,,,,
869,10,241,,,,,,,,
878,2,240,,,,,,,,
890,1,229,,,,,,,,
905,0,215,,,,,,,,
912,1,207,,,,,,,,
923,3,194,,,,,,,,
940,0,180,,,,,,,,
953,0,167,,,,,,,,
971,0,149,,,,,,,,
982,0,138,,,,,,,,
991,1,128,,,,,,,,
1000,1,119,,,,,,,,
1007,1,112,,,,,,,,
971,25,124,,,,,,,,
903,63,154,,,,,,,,
862,66,192,,,,,,,,
872,32,216,,,,,,,,
864,19,237,,,,,,,,
818,55,247,,,,,,,,
781,74,265,,,,,,,,
773,58,289,,,,,,,,
803,19,298,,,,,,,,
826,2,292,,,,,,,,
842,0,278,,,,,,,,
864,1,255,,,,,,,,
873,0,247,,,,,,,,
885,0,235,,,,,,,,
899,1,220,,,,,,,,
897,7,216,,,,,,,,
890,14,216,,,,,,,,
897,9,214,,,,,,,,
915,0,205,,,,,,,,
931,0,189,,,,,,,,
940,1,179,,,,,,,,
937,8,175,,,,,,,,
918,24,178,,,,,,,,
896,43,181,,,,,,,,
891,33,196,,,,,,,,
839,58,223,,,,,,,,
812,61,247,,,,,,,,
792,62,266,,,,,,,,
801,35,284,,,,,,,,
829,7,284,,,,,,,,
842,5,273,,,,,,,,
858,3,259,,,,,,,,
872,0,248,,,,,,,,
884,1,235,,,,,,,,
890,1,229,,,,,,,,
904,0,216,,,,,,,,
922,0,198,,,,,,,,
936,0,184,,,,,,,,
946,0,174,,,,,,,,
948,1,171,,,,,,,,
926,16,178,,,,,,,,
864,57,199,,,,,,,,
849,44,227,,,,,,,,
849,20,251,,,,,,,,
870,6,244,,,,,,,,
866,11,243,,,,,,,,
866,16,238,,,,,,,,
840,33,247,,,,,,,,
830,25,265,,,,,,,,
855,4,261,,,,,,,,
872,1,247,,,,,,,,
882,0,238,,,,,,,,
893,2,225,,,,,,,,
910,0,210,,,,,,,,
895,21,204,,,,,,,,
876,39,205,,,,,,,,
867,40,213,,,,,,,,
867,31,222,,,,,,,,
876,6,238,,,,,,,,
892,3,225,,,,,,,,
899,6,215,,,,,,,,
906,2,212,,,,,,,,
924,0,196,,,,,,,,
932,0,188,,,,,,,,
942,0,178,,,,,,,,
934,12,174,,,,,,,,
899,38,183,,,,,,,,
854,57,209,,,,,,,,
859,40,221,,,,,,,,
853,28,239,,,,,,,,
858,22,240,,,,,,,,
827,41,252,,,,,,,,
813,42,265,,,,,,,,
803,37,280,,,,,,,,
817,14,289,,,,,,,,
840,2,278,,,,,,,,
854,2,264,,,,,,,,
871,0,249,,,,,,,,
881,0,239,,,,,,,,
892,0,228,,,,,,,,
900,0,220,,,,,,,,
912,0,208,,,,,,,,
918,5,197,,,,,,,,
937,1,182,,,,,,,,
950,0,170,,,,,,,,
954,0,166,,,,,,,,
962,1,157,,,,,,,,
969,0,151,,,,,,,,
978,1,141,,,,,,,,
973,11,136,,,,,,,,
964,17,139,,,,,,,,
930,39,151,,,,,,,,
860,84,176,,,,,,,,
817,93,210,,,,,,,,
782,93,245,,,,,,,,
773,63,284,,,,,,,,
789,31,300,,,,,,,,
817,12,291,,,,,,,,
828,7,285,,,,,,,,
839,4,277,,,,,,,,
847,3,270,,,,,,,,
863,0,257,,,,,,,,
882,0,238,,,,,,,,
902,0,218,,,,,,,,
904,5,211,,,,,,,,
888,17,215,,,,,,,,
887,9,224,,,,,,,,
883,13,224,,,,,,,,
883,14,223,,,,,,,,
871,24,225,,,,,,,,
870,20,230,,,,,,,,
873,8,239,,,,,,,,
893,0,227,,,,,,,,
909,0,211,,,,,,,,
915,7,198,,,,,,,,
905,15,200,,,,,,,,
912,13,195,,,,,,,,
902,20,198,,,,,,,,
893,27,200,,,,,,,,
905,13,202,,,,,,,,
922,5,193,,,,,,,,
942,0,178,,,,,,,,
954,0,166,,,,,,,,
952,9,159,,,,,,,,
923,24,173,,,,,,,,
865,66,189,,,,,,,,
797,98,225,,,,,,,,
773,80,267,,,,,,,,
767,45,308,,,,,,,,
780,14,326,,,,,,,,
802,4,314,,,,,,,,
817,4,299,,,,,,,,
833,0,287,,,,,,,,
850,0,270,,,,,,,,
868,0,252,,,,,,,,
880,0,240,,,,,,,,
893,0,227,,,,,,,,
899,3,218,,,,,,,,
913,1,206,,,,,,,,
917,5,198,,,,,,,,
905,20,195,,,,,,,,
908,15,197,,,,,,,,
912,11,197,,,,,,,,
901,20,199,,,,,,,,
878,31,211,,,,,,,,
847,45,228,,,,,,,,
856,23,241,,,,,,,,
850,20,250,,,,,,,,
853,20,247,,,,,,,,
872,10,238,,,,,,,,
892,2,226,,,,,,,,
901,0,219,,,,,,,,
921,0,199,,,,,,,,
939,0,181,,,,,,,,
958,0,162,,,,,,,,
975,0,145,,,,,,,,
989,0,131,,,,,,,,
993,0,127,,,,,,,,
992,3,125,,,,,,,,
994,3,123,,,,,,,,
1001,0,119,,,,,,,,
982,14,124,,,,,,,,
920,47,153,,,,,,,,
829,89,202,,,,,,,,
820,67,233,,,,,,,,
820,43,257,,,,,,,,
838,14,268,,,,,,,,
855,3,262,,,,,,,,
867,1,252,,,,,,,,
889,1,230,,,,,,,,
904,2,214,,,,,,,,
920,0,200,,,,,,,,
913,14,193,,,,,,,,
894,28,198,,,,,,,,
876,35,209,,,,,,,,
865,30,225,,,,,,,,
876,8,236,,,,,,,,
853,20,247,,,,,,,,
830,25,265,,,,,,,,
822,18,280,,,,,,,,
834,3,283,,,,,,,,
856,2,262,,,,,,,,
872,0,248,,,,,,,,
878,4,238,,,,,,,,
884,8,228,,,,,,,,
876,13,231,,,,,,,,
882,7,231,,,,,,,,
890,9,221,,,,,,,,
897,9,214,,,,,,,,
911,4,205,,,,,,,,
935,0,185,,,,,,,,
950,1,169,,,,,,,,
960,0,160,,,,,,,,
966,0,154,,,,,,,,
942,23,155,,,,,,,,
875,67,178,,,,,,,,
851,59,210,,,,,,,,
821,62,237,,,,,,,,
806,49,265,,,,,,,,
794,44,282,,,,,,,,
801,25,294,,,,,,,,
819,10,291,,,,,,,,
835,3,282,,,,,,,,
854,2,264,,,,,,,,
865,1,254,,,,,,,,
879,1,240,,,,,,,,
893,0,227,,,,,,,,
911,0,209,,,,,,,,
926,0,194,,,,,,,,
945,0,175,,,,,,,,
938,9,173,,,,,,,,
948,3,169,,,,,,,,
934,17,169,,,,,,,,
934,10,176,,,,,,,,
939,8,173,,,,,,,,
945,7,168,,,,,,,,
951,3,166,,,,,,,,
966,0,154,,,,,,,,
980,0,140,,,,,,,,
991,1,128,,,,,,,,
992,1,127,,,,,,,,
989,12,119,,,,,,,,
955,27,138,,,,,,,,
928,39,153,,,,,,,,
835,101,184,,,,,,,,
764,130,226,,,,,,,,
734,115,271,,,,,,,,
753,57,310,,,,,,,,
778,18,324,,,,,,,,
800,4,316,,,,,,,,
812,3,305,,,,,,,,
822,1,297,,,,,,,,
839,3,278,,,,,,,,
833,8,279,,,,,,,,
849,1,270,,,,,,,,
860,0,260,,,,,,,,
871,4,245,,,,,,,,
857,17,246,,,,,,,,
875,9,236,,,,,,,,
868,17,235,,,,,,,,
869,16,235,,,,,,,,
877,14,229,,,,,,,,
883,13,224,,,,,,,,
886,11,223,,,,,,,,
874,17,229,,,,,,,,
874,13,233,,,,,,,,
870,10,240,,,,,,,,
892,2,226,,,,,,,,
912,0,208,,,,,,,,
915,4,201,,,,,,,,
920,9,191,,,,,,,,
917,22,181,,,,,,,,
920,17,183,,,,,,,,
946,1,173,,,,,,,,
945,3,172,,,,,,,,
962,0,158,,,,,,,,
959,10,151,,,,,,,,
918,32,170,,,,,,,,
900,35,185,,,,,,,,
853,53,214,,,,,,,,
793,79,248,,,,,,,,
779,55,286,,,,,,,,
797,13,310,,,,,,,,
826,1,293,,,,,,,,
835,0,285,,,,,,,,
845,1,274,,,,,,,,
863,1,256,,,,,,,,
873,4,243,,,,,,,,
881,5,234,,,,,,,,
889,8,223,,,,,,,,
877,19,224,,,,,,,,
871,24,225,,,,,,,,
883,17,220,,,,,,,,
878,16,226,,,,,,,,
858,27,235,,,,,,,,
849,25,246,,,,,,,,
864,4,252,,,,,,,,
882,0,238,,,,,,,,
899,0,221,,,,,,,,
919,0,201,,,,,,,,
932,1,187,,,,,,,,
944,3,173,,,,,,,,
929,17,174,,,,,,,,
921,28,171,,,,,,,,
925,22,173,,,,,,,,
916,19,185,,,,,,,,
897,25,198,,,,,,,,
861,36,223,,,,,,,,
841,30,249,,,,,,,,
833,26,261,,,,,,,,
837,23,260,,,,,,,,
840,8,272,,,,,,,,
858,0,262,,,,,,,,
863,3,254,,,,,,,,
881,0,239,,,,,,,,
888,0,232,,,,,,,,
898,0,222,,,,,,,,
904,0,216,,,,,,,,
921,0,199,,,,,,,,
935,3,182,,,,,,,,
946,3,171,,,,,,,,
953,2,165,,,,,,,,
955,5,160,,,,,,,,
908,34,178,,,,,,,,
868,54,198,,,,,,,,
826,63,231,,,,,,,,
812,49,259,,,,,,,,
799,37,284,,,,,,,,
828,9,283,,,,,,,,
840,5,275,,,,,,,,
857,0,263,,,,,,,,
864,5,251,,,,,,,,
875,4,241,,,,,,,,
902,1,217,,,,,,,,
918,0,202,,,,,,,,
930,0,190,,,,,,,,
943,1,176,,,,,,,,
943,7,170,,,,,,,,
941,7,172,,,,,,,,
917,20,183,,,,,,,,
921,8,191,,,,,,,,
917,14,189,,,,,,,,
913,17,190,,,,,,,,
921,8,191,,,,,,,,
902,25,193,,,,,,,,
879,32,209,,,,,,,,
877,20,223,,,,,,,,
876,13,231,,,,,,,,
871,16,233,,,,,,,,
884,3,233,,,,,,,,
886,3,231,,,,,,,,
903,0,217,,,,,,,,
923,4,193,,,,,,,,
917,14,189,,,,,,,,
907,20,193,,,,,,,,
904,17,199,,,,,,,,
909,11,200,,,,,,,,
924,4,192,,,,,,,,
943,1,176,,,,,,,,
953,2,165,,,,,,,,
957,2,161,,,,,,,,
965,0,155,,,,,,,,
973,2,145,,,,,,,,
982,1,137,,,,,,,,
976,7,137,,,,,,,,
978,3,139,,,,,,,,
996,1,123,,,,,,,,
991,8,121,,,,,,,,
955,35,130,,,,,,,,
880,79,161,,,,,,,,
815,108,197,,,,,,,,
753,124,243,,,,,,,,
769,66,285,,,,,,,,
791,31,298,,,,,,,,
814,3,303,,,,,,,,
821,7,292,,,,,,,,
843,2,275,,,,,,,,
852,2,266,,,,,,,,
874,1,245,,,,,,,,
884,0,236,,,,,,,,
900,0,220,,,,,,,,
912,0,208,,,,,,,,
925,1,194,,,,,,,,
906,18,196,,,,,,,,
884,26,210,,,,,,,,
888,8,224,,,,,,,,
902,6,212,,,,,,,,
911,3,206,,,,,,,,
910,7,203,,,,,,,,
933,0,187,,,,,,,,
924,9,187,,,,,,,,
885,45,190,,,,,,,,
859,55,206,,,,,,,,
868,27,225,,,,,,,,
876,8,236,,,,,,,,
905,0,215,,,,,,,,
904,9,207,,,,,,,,
887,21,212,,,,,,,,
915,0,205,,,,,,,,
919,5,196,,,,,,,,
927,9,184,,,,,,,,
921,11,188,,,,,,,,
921,9,190,,,,,,,,
930,3,187,,,,,,,,
935,0,185,,,,,,,,
947,0,173,,,,,,,,
957,1,162,,,,,,,,
966,0,154,,,,,,,,
973,0,147,,,,,,,,
979,1,140,,,,,,,,
980,5,135,,,,,,,,
911,55,154,,,,,,,,
850,78,192,,,,,,,,
809,80,231,,,,,,,,
800,63,257,,,,,,,,
810,29,281,,,,,,,,
825,5,290,,,,,,,,
837,2,281,,,,,,,,
852,0,268,,,,,,,,
872,0,248,,,,,,,,
889,0,231,,,,,,,,
909,0,211,,,,,,,,
908,6,206,,,,,,,,
902,10,208,,,,,,,,
887,21,212,,,,,,,,
867,29,224,,,,,,,,
866,21,233,,,,,,,,
885,1,234,,,,,,,,
895,0,225,,,,,,,,
902,3,215,,,,,,,,
918,1,201,,,,,,,,
924,2,194,,,,,,,,
919,16,185,,,,,,,,
914,21,185,,,,,,,,
909,10,201,,,,,,,,
929,0,191,,,,,,,,
928,9,183,,,,,,,,
955,1,164,,,,,,,,
968,0,152,,,,,,,,
986,0,134,,,,,,,,
992,5,123,,,,,,,,
970,30,120,,,,,,,,
908,67,145,,,,,,,,
791,134,195,,,,,,,,
744,131,245,,,,,,,,
741,95,284,,,,,,,,
764,46,310,,,,,,,,
787,13,320,,,,,,,,
810,2,308,,,,,,,,
824,0,296,,,,,,,,
845,2,273,,,,,,,,
859,1,260,,,,,,,,
874,0,246,,,,,,,,
884,1,235,,,,,,,,
882,8,230,,,,,,,,
886,11,223,,,,,,,,
899,2,219,,,,,,,,
919,0,201,,,,,,,,
928,0,192,,,,,,,,
933,0,187,,,,,,,,
941,0,179,,,,,,,,
941,8,171,,,,,,,,
910,32,178,,,,,,,,
825,74,221,,,,,,,,
804,65,251,,,,,,,,
821,30,269,,,,,,,,
838,7,275,,,,,,,,
854,3,263,,,,,,,,
873,0,247,,,,,,,,
893,0,227,,,,,,,,
912,0,208,,,,,,,,
923,0,197,,,,,,,,
940,0,180,,,,,,,,
954,0,166,,,,,,,,
960,2,158,,,,,,,,
964,5,151,,,,,,,,
910,39,171,,,,,,,,
863,56,201,,,,,,,,
842,45,233,,,,,,,,
856,20,244,,,,,,,,
847,18,255,,,,,,,,
846,16,258,,,,,,,,
859,7,254,,,,,,,,
884,0,236,,,,,,,,
897,0,223,,,,,,,,
911,0,209,,,,,,,,
926,0,194,,,,,,,,
936,0,184,,,,,,,,
929,8,183,,,,,,,,
948,0,172,,,,,,,,
962,0,158,,,,,,,,
974,0,146,,,,,,,,
974,8,138,,,,,,,,
979,7,134,,,,,,,,
991,0,129,,,,,,,,
1004,0,116,,,,,,,,
1001,6,113,,,,,,,,
885,96,139,,,,,,,,
798,133,189,,,,,,,,
736,139,245,,,,,,,,
728,104,288,,,,,,,,
744,51,325,,,,,,,,
774,16,330,,,,,,,,
801,1,318,,,,,,,,
814,0,306,,,,,,,,
829,1,290,,,,,,,,
844,3,273,,,,,,,,
859,0,261,,,,,,,,
884,0,236,,,,,,,,
888,3,229,,,,,,,,
894,3,223,,,,,,,,
897,8,215,,,,,,,,
887,13,220,,,,,,,,
888,14,218,,,,,,,,
906,5,209,,,,,,,,
909,6,205,,,,,,,,
887,24,209,,,,,,,,
882,25,213,,,,,,,,
872,20,228,,,,,,,,
860,24,236,,,,,,,,
864,8,248,,,,,,,,
873,3,244,,,,,,,,
881,5,234,,,,,,,,
894,2,224,,,,,,,,
915,0,205,,,,,,,,
933,1,186,,,,,,,,
954,0,166,,,,,,,,
948,16,156,,,,,,,,
927,24,169,,,,,,,,
907,28,185,,,,,,,,
897,25,198,,,,,,,,
883,25,212,,,,,,,,
888,13,219,,,,,,,,
898,3,219,,,,,,,,
915,0,205,,,,,,,,
926,2,192,,,,,,,,
927,4,189,,,,,,,,
920,7,193,,,,,,,,
939,0,181,,,,,,,,
952,2,166,,,,,,,,
964,0,156,,,,,,,,
973,2,145,,,,,,,,
984,0,136,,,,,,,,
990,1,129,,,,,,,,
990,7,123,,,,,,,,
960,29,131,,,,,,,,
945,25,150,,,,,,,,
907,43,170,,,,,,,,
803,118,199,,,,,,,,
760,125,235,,,,,,,,
761,87,272,,,,,,,,
773,41,306,,,,,,,,
797,13,310,,,,,,,,
818,1,301,,,,,,,,
822,3,295,,,,,,,,
828,6,286,,,,,,,,
847,3,270,,,,,,,,
865,1,254,,,,,,,,
881,1,238,,,,,,,,
898,1,221,,,,,,,,
915,0,205,,,,,,,,
925,0,195,,,,,,,,
927,6,187,,,,,,,,
927,5,188,,,,,,,,
932,9,179,,,,,,,,
909,21,190,,,,,,,,
908,13,199,,,,,,,,
934,0,186,,,,,,,,
948,0,172,,,,,,,,
952,2,166,,,,,,,,
943,13,164,,,,,,,,
894,42,184,,,,,,,,
852,58,210,,,,,,,,
849,38,233,,,,,,,,
852,20,248,,,,,,,,
827,39,254,,,,,,,,
825,31,264,,,,,,,,
818,27,275,,,,,,,,
836,7,277,,,,,,,,
854,2,264,,,,,,,,
864,2,254,,,,,,,,
880,0,240,,,,,,,,
893,4,223,,,,,,,,
890,8,222,,,,,,,,
886,10,224,,,,,,,,
896,2,222,,,,,,,,
912,0,208,,,,,,,,
929,1,190,,,,,,,,
939,2,179,,,,,,,,
946,5,169,,,,,,,,
963,2,155,,,,,,,,
963,5,152,,,,,,,,
949,15,156,,,,,,,,
897,45,178,,,,,,,,
857,69,194,,,,,,,,
832,68,220,,,,,,,,
828,46,246,,,,,,,,
853,19,248,,,,,,,,
869,2,249,,,,,,,,
882,6,232,,,,,,,,
901,0,219,,,,,,,,
922,0,198,,,,,,,,
938,0,182,,,,,,,,
917,20,183,,,,,,,,
870,51,199,,,,,,,,
837,69,214,,,,,,,,
829,54,237,,,,,,,,
812,52,256,,,,,,,,
827,22,271,,,,,,,,
853,4,263,,,,,,,,
858,2,260,,,,,,,,
870,0,250,,,,,,,,
890,0,230,,,,,,,,
905,0,215,,,,,,,,
912,2,206,,,,,,,,
926,1,193,,,,,,,,
937,1,182,,,,,,,,
947,0,173,,,,,,,,
963,0,157,,,,,,,,
975,3,142,,,,,,,,
980,1,139,,,,,,,,
990,0,130,,,,,,,,
997,3,120,,,,,,,,
955,32,133,,,,,,,,
875,84,161,,,,,,,,
799,114,207,,,,,,,,
737,129,254,,,,,,,,
749,70,301,,,,,,,,
778,14,328,,,,,,,,
801,5,314,,,,,,,,
817,2,301,,,,,,,,
839,0,281,,,,,,,,
850,2,268,,,,,,,,
866,0,254,,,,,,,,
884,0,236,,,,,,,,
894,0,226,,,,,,,,
903,2,215,,,,,,,,
910,3,207,,,,,,,,
933,0,187,,,,,,,,
939,1,180,,,,,,,,
956,0,164,,,,,,,,
955,5,160,,,,,,,,
945,16,159,,,,,,,,
923,34,163,,,,,,,,
919,27,174,,,,,,,,
916,15,189,,,,,,,,
928,8,184,,,,,,,,
918,11,191,,,,,,,,
945,1,174,,,,,,,,
957,1,162,,,,,,,,
963,0,157,,,,,,,,
971,1,148,,,,,,,,
976,2,142,,,,,,,,
973,6,141,,,,,,,,
975,15,130,,,,,,,,
913,57,150,,,,,,,,
789,134,197,,,,,,,,
730,144,246,,,,,,,,
739,91,290,,,,,,,,
767,31,322,,,,,,,,
794,4,322,,,,,,,,
809,2,309,,,,,,,,
824,1,295,,,,,,,,
836,1,283,,,,,,,,
846,0,274,,,,,,,,
856,0,264,,,,,,,,
872,1,247,,,,,,,,
880,3,237,,,,,,,,
885,5,230,,,,,,,,
895,5,220,,,,,,,,
913,0,207,,,,,,,,
930,1,189,,,,,,,,
939,2,179,,,,,,,,
938,5,177,,,,,,,,
954,0,166,,,,,,,,
959,1,160,,,,,,,,
972,1,147,,,,,,,,
980,2,138,,,,,,,,
985,5,130,,,,,,,,
921,52,147,,,,,,,,
841,110,169,,,,,,,,
754,151,215,,,,,,,,
728,135,257,,,,,,,,
745,76,299,,,,,,,,
773,28,319,,,,,,,,
807,4,309,,,,,,,,
821,2,297,,,,,,,,
842,1,277,,,,,,,,
855,1,264,,,,,,,,
868,1,251,,,,,,,,
878,0,242,,,,,,,,
880,4,236,,,,,,,,
892,0,228,,,,,,,,
895,2,223,,,,,,,,
909,0,211,,,,,,,,
923,0,197,,,,,,,,
916,10,194,,,,,,,,
925,7,188,,,,,,,,
931,2,187,,,,,,,,
911,18,191,,,,,,,,
894,26,200,,,,,,,,
854,36,230,,,,,,,,
832,29,259,,,,,,,,
823,36,261,,,,,,,,
820,25,275,,,,,,,,
836,6,278,,,,,,,,
856,0,264,,,,,,,,
870,2,248,,,,,,,,
886,2,232,,,,,,,,
903,1,216,,,,,,,,
924,1,195,,,,,,,,
940,1,179,,,,,,,,
956,0,164,,,,,,,,
965,2,153,,,,,,,,
972,4,144,,,,,,,,
930,28,162,,,,,,,,
860,58,202,,,,,,,,
837,36,247,,,,,,,,
848,8,264,,,,,,,,
852,18,250,,,,,,,,
862,15,243,,,,,,,,
867,12,241,,,,,,,,
889,0,231,,,,,,,,
901,0,219,,,,,,,,
917,0,203,,,,,,,,
929,0,191,,,,,,,,
939,0,181,,,,,,,,
953,1,166,,,,,,,,
956,7,157,,,,,,,,
951,13,156,,,,,,,,
938,17,165,,,,,,,,
905,28,187,,,,,,,,
869,45,206,,,,,,,,
862,32,226,,,,,,,,
866,13,241,,,,,,,,
871,8,241,,,,,,,,
870,9,241,,,,,,,,
869,12,239,,,,,,,,
869,5,246,,,,,,,,
890,2,228,,,,,,,,
895,0,225,,,,,,,,
904,2,214,,,,,,,,
903,7,210,,,,,,,,
921,3,196,,,,,,,,
948,0,172,,,,,,,,
965,0,155,,,,,,,,
978,0,142,,,,,,,,
976,5,139,,,,,,,,
988,0,132,,,,,,,,
992,2,126,,,,,,,,
962,26,132,,,,,,,,
893,70,157,,,,,,,,
797,124,199,,,,,,,,
763,114,243,,,,,,,,
749,93,278,,,,,,,,
781,41,298,,,,,,,,
801,13,306,,,,,,,,
827,0,293,,,,,,,,
848,0,272,,,,,,,,
860,0,260,,,,,,,,
877,0,243,,,,,,,,
892,1,227,,,,,,,,
901,2,217,,,,,,,,
898,9,213,,,,,,,,
894,15,211,,,,,,,,
871,35,214,,,,,,,,
869,31,220,,,,,,,,
876,15,229,,,,,,,,
894,3,223,,,,,,,,
910,0,210,,,,,,,,
902,12,206,,,,,,,,
914,4,202,,,,,,,,
917,7,196,,,,,,,,
912,10,198,,,,,,,,
909,13,198,,,,,,,,
906,5,209,,,,,,,,
920,4,196,,,,,,,,
924,8,188,,,,,,,,
888,37,195,,,,,,,,
836,65,219,,,,,,,,
778,84,258,,,,,,,,
791,46,283,,,,,,,,
807,20,293,,,,,,,,
828,9,283,,,,,,,,
844,3,273,,,,,,,,
854,4,262,,,,,,,,
867,0,253,,,,,,,,
875,1,244,,,,,,,,
890,0,230,,,,,,,,
905,0,215,,,,,,,,
913,1,206,,,,,,,,
925,2,193,,,,,,,,
905,19,196,,,,,,,,
899,23,198,,,,,,,,
879,29,212,,,,,,,,
878,17,225,,,,,,,,
896,2,222,,,,,,,,
911,0,209,,,,,,,,
925,0,195,,,,,,,,
934,2,184,,,,,,,,
942,4,174,,,,,,,,
937,9,174,,,,,,,,
943,5,172,,,,,,,,
957,4,159,,,,,,,,
947,11,162,,,,,,,,
944,18,158,,,,,,,,
914,37,169,,,,,,,,
861,57,202,,,,,,,,
817,65,238,,,,,,,,
821,38,261,,,,,,,,
829,18,273,,,,,,,,
859,3,258,,,,,,,,
873,1,246,,,,,,,,
884,0,236,,,,,,,,
